Link Name,Center of Mass X,Center of Mass Y,Center of Mass Z,Center of Mass Roll,Center of Mass Pitch,Center of Mass Yaw,Mass,Moment Ixx,Moment Ixy,Moment Ixz,Moment Iyy,Moment Iyz,Moment Izz,Visual X,Visual Y,Visual Z,Visual Roll,Visual Pitch,Visual Yaw,Mesh Filename,Color Red,Color Green,Color Blue,Color Alpha,Collision X,Collision Y,Collision Z,Collision Roll,Collision Pitch,Collision Yaw,Collision Mesh Filename,Material Name,SW Components,Coordinate System,Axis Name,Joint Name,Joint Type,Joint Origin X,Joint Origin Y,Joint Origin Z,Joint Origin Roll,Joint Origin Pitch,Joint Origin Yaw,Parent,Joint Axis X,Joint Axis Y,Joint Axis Z,Limit Effort,Limit Velocity,Limit Lower,Limit Upper,Calibration rising,Calibration falling,Dynamics Damping,Dynamics Friction,Safety Soft Upper,Safety Soft Lower,Safety K Position,Safety K Velocity
base_link,0.241148583946663,0.253999995006712,0.187407994757057,0,0,0,240.233141390037,4.20111691615133,3.63588662969566E-08,-0.239804546926617,14.6104494159733,-3.23443375642042E-06,16.9430207814231,0,0,0,0,0,0,package://truck_with_robot_arm/meshes/base_link.STL,0.898039215686275,0.917647058823529,0.929411764705882,1,0,0,0,0,0,0,package://truck_with_robot_arm/meshes/base_link.STL,,truck_assembly_11-29-24_5hr11pm-1/Chassis-1;truck_assembly_11-29-24_5hr11pm-1/CAR_BODY_with_MOUNT-2/CAR_BODY-1;truck_assembly_11-29-24_5hr11pm-1/Shaft_rear_vehicle-1;truck_assembly_11-29-24_5hr11pm-1/hitch connector-1,new_global_coord_under_right_rear_tire <truck_assembly_11-29-24_5hr11pm-1>,,,,0,0,0,0,0,0,,0,0,0,,,,,,,,,,,,
rear_right_wheel_link,-6.69734077448903E-09,1.19833142075976E-07,0.000143526563689079,0,0,0,1.28115515731575,0.0043604448275862,-1.03908178332162E-08,-3.03598993724043E-09,0.00436049811055924,1.16321146099961E-08,0.00722286807008441,0,0,0,0,0,0,package://truck_with_robot_arm/meshes/rear_right_wheel_link.STL,0.298039215686275,0.298039215686275,0.298039215686275,1,0,0,0,0,0,0,package://truck_with_robot_arm/meshes/rear_right_wheel_link.STL,,truck_assembly_11-29-24_5hr11pm-1/Tyre-7;truck_assembly_11-29-24_5hr11pm-1/Rim-7,rear_r_wheel_coord <truck_assembly_11-29-24_5hr11pm-1>,rear_r_wheel_rotation_axis <truck_assembly_11-29-24_5hr11pm-1>,rear_right_wheel_joint,continuous,0,0,0.1016,1.5708,0,0,base_link,0,0,1,,,,,,,,,,,,
rear_left_wheel_link,-7.66811655800323E-08,-9.23300330912813E-08,-0.000143526563692542,0,0,0,1.28115515731636,0.0043604736277503,2.85145227513726E-08,9.36101724564687E-09,0.00436046931039536,7.54285633772956E-09,0.00722286807008453,0,0,0,0,0,0,package://truck_with_robot_arm/meshes/rear_left_wheel_link.STL,0.898039215686275,0.917647058823529,0.929411764705882,1,0,0,0,0,0,0,package://truck_with_robot_arm/meshes/rear_left_wheel_link.STL,,truck_assembly_11-29-24_5hr11pm-1/Rim-5;truck_assembly_11-29-24_5hr11pm-1/Tyre-5,rear_l_wheel_coord <truck_assembly_11-29-24_5hr11pm-1>,rear_l_wheel_rotation_axis <truck_assembly_11-29-24_5hr11pm-1>,rear_left_wheel_joint,continuous,0,0.508,0.1016,1.5708,0,0,base_link,0,0,-1,,,,,,,,,,,,
front_left_wheel_revolute_link,-1.33226762955019E-15,0.0441998322829916,-0.0425101114035069,0,0,0,0.579444323030998,0.00106797454992703,1.89958785454507E-17,-4.84764986990045E-18,0.000149752404478906,0.000191935705522016,0.000959942136706359,0,0,0,0,0,0,package://truck_with_robot_arm/meshes/front_left_wheel_revolute_link.STL,0.529411764705882,0.549019607843137,0.549019607843137,1,0,0,0,0,0,0,package://truck_with_robot_arm/meshes/front_left_wheel_revolute_link.STL,,truck_assembly_11-29-24_5hr11pm-1/front shaft-1,front_left_wheel_revolute_coord <truck_assembly_11-29-24_5hr11pm-1>,front_left_wheel_revolute_axis <truck_assembly_11-29-24_5hr11pm-1>,front_left_wheel_revolute_joint,revolute,0.6604,0.38735,0.1516,0,0,0,base_link,0,0,-1,0,0,-0.27,0.27,,,,,,,,
front_left_wheel_link,-3.93430940048844E-08,1.13388519004665E-07,-0.000143526563690322,0,0,0,1.2811551573161,0.00436044521729943,-1.13394133338287E-08,1.61210628075135E-09,0.00436049772084607,-1.19132044204329E-08,0.00722286807008444,0,0,0,0,0,0,package://truck_with_robot_arm/meshes/front_left_wheel_link.STL,0.298039215686275,0.298039215686275,0.298039215686275,1,0,0,0,0,0,0,package://truck_with_robot_arm/meshes/front_left_wheel_link.STL,,truck_assembly_11-29-24_5hr11pm-1/Tyre-6;truck_assembly_11-29-24_5hr11pm-1/Rim-6,front_l_wheel_coord <truck_assembly_11-29-24_5hr11pm-1>,frnt_l_wheel_rotation_axis <truck_assembly_11-29-24_5hr11pm-1>,front_left_wheel_joint,continuous,0,0.1207,-0.05,1.5708,0,0,front_left_wheel_revolute_link,0,0,-1,,,,,,,,,,,,
front_right_wheel_revolute_link,3.33066907387547E-16,-0.0441998322829913,-0.0425101114035071,0,0,0,0.579444323030998,0.00106797454992703,1.56026029721015E-17,2.27829656405593E-18,0.000149752404478908,-0.000191935705522021,0.000959942136706357,0,0,0,0,0,0,package://truck_with_robot_arm/meshes/front_right_wheel_revolute_link.STL,0.529411764705882,0.549019607843137,0.549019607843137,1,0,0,0,0,0,0,package://truck_with_robot_arm/meshes/front_right_wheel_revolute_link.STL,,truck_assembly_11-29-24_5hr11pm-1/front shaft-2,front_right_wheel_revolute_coord <truck_assembly_11-29-24_5hr11pm-1>,front_right_wheel_revolute_axis <truck_assembly_11-29-24_5hr11pm-1>,front_right_wheel_revolute_joint,revolute,0.6604,0.12065,0.1516,0,0,0,base_link,0,0,-1,0,0,-0.27,0.27,,,,,,,,
front_right_wheel_link,-1.17447016334538E-07,2.25455327323987E-08,0.000143527176427327,0,0,0,1.28115523705181,0.00436049987361142,-3.3798398725585E-09,-1.20255467471039E-08,0.00436044308225394,-1.21356822846893E-10,0.00722286807869076,0,0,0,0,0,0,package://truck_with_robot_arm/meshes/front_right_wheel_link.STL,0.298039215686275,0.298039215686275,0.298039215686275,1,0,0,0,0,0,0,package://truck_with_robot_arm/meshes/front_right_wheel_link.STL,,truck_assembly_11-29-24_5hr11pm-1/Tyre-8;truck_assembly_11-29-24_5hr11pm-1/Rim-8,front_r_wheel_coord <truck_assembly_11-29-24_5hr11pm-1>,frnt_r_wheel_rotation_axis <truck_assembly_11-29-24_5hr11pm-1>,front_right_wheel_joint,continuous,0,-0.1207,-0.05,1.5708,0,0,front_right_wheel_revolute_link,0,0,1,,,,,,,,,,,,
lidar_mount_link,0,5.55111512312578E-17,0.000253999999999921,0,0,0,0.326384538434548,0.000238054930543198,-1.07973936764482E-20,2.3018571803589E-18,0.000238054930543198,-6.85543905168366E-19,0.000404558090538572,0,0,0,0,0,0,package://truck_with_robot_arm/meshes/lidar_mount_link.STL,0.898039215686275,0.917647058823529,0.929411764705882,1,0,0,0,0,0,0,package://truck_with_robot_arm/meshes/lidar_mount_link.STL,,truck_assembly_11-29-24_5hr11pm-1/CAR_BODY_with_MOUNT-2/lidar_mount-1,lidar_mount_coord <truck_assembly_11-29-24_5hr11pm-1>,,lidar_mount_joint,fixed,0.24764,0.254,0.4691,0,0,0,base_link,0,0,0,,,,,,,,,,,,
fruit_container_link,3.19189119579733E-16,5.55111512312578E-17,0.0338588248198599,0,0,0,7.85757316254917,0.0459267563628034,-1.38690245116485E-15,1.40224287112078E-15,0.111496373975222,-1.18983887001607E-16,0.140832289993602,0,0,0,0,0,0,package://truck_with_robot_arm/meshes/fruit_container_link.STL,1,1,1,1,0,0,0,0,0,0,package://truck_with_robot_arm/meshes/fruit_container_link.STL,,fruit_container-1,fruit_container_coord,,fruti_container_joint,fixed,-0.04445,0.17367,0.1897,0,0,0,base_link,0,0,0,,,,,,,,,,,,
robot_arm_base_link,1.38777878078145E-17,0,0.0703292452830188,0,0,0,6.21590605619008,0.0200299405955859,-1.5771351149335E-35,-8.73104546560396E-19,0.0200299405955859,9.19335926781126E-20,0.0157584536897698,0,0,0,0,0,0,package://truck_with_robot_arm/meshes/robot_arm_base_link.STL,0.898039215686275,0.917647058823529,0.929411764705882,1,0,0,0,0,0,0,package://truck_with_robot_arm/meshes/robot_arm_base_link.STL,,fruit_picker_robot-1/robot_arm_base-1,robot_arm_base_coord_fixed_joint_dh0,,robot_arm_base_joint,fixed,-0.04445,0.34766,0.1897,0,0,0,base_link,0,0,0,,,,,,,,,,,,
first_link_on_base_link,2.08166817117217E-17,-5.55111512312578E-17,0.0816377174906121,0,0,0,2.11845428672782,0.00387176378579924,-5.74547223448125E-19,-3.81679263684716E-19,0.00454469305533154,-1.00149795279462E-19,0.00266813696134934,0,0,0,0,0,0,package://truck_with_robot_arm/meshes/first_link_on_base_link.STL,0.898039215686275,0.917647058823529,0.929411764705882,1,0,0,0,0,0,0,package://truck_with_robot_arm/meshes/first_link_on_base_link.STL,,fruit_picker_robot-1/robot_arm_first_revolute_link-1,first_link_on_base_joint_coord_dh1,base_to_first_link_joint_rotation_axis,first_link_on_base_joint,revolute,0,0,0.1143,0,0,0,robot_arm_base_link,0,0,1,0,0,0.7854,5.1487,,,,,,,,
h_shaped_link_link,-1.55431223447522E-15,0.0761999999999992,0.0591500000000011,0,0,0,1.80762602526906,0.0104839994719659,1.68115086825675E-17,9.46255391832951E-17,0.00601881017631974,1.36270320177591E-18,0.00595180472794259,0,0,0,0,0,0,package://truck_with_robot_arm/meshes/h_shaped_link_link.STL,1,1,1,1,0,0,0,0,0,0,package://truck_with_robot_arm/meshes/h_shaped_link_link.STL,,fruit_picker_robot-1/robot_arm_second_revolute_link-1,2nd_link_to_H_link_joint_coord_align_dh2,H_link_to_2nd_link_joint_rotation_axis,h_shaped_link_joint,revolute,0.05915,0,0.11811,1.5708,0,-1.5708,first_link_on_base_link,0,0,-1,0,0,0.1745,3.3161,,,,,,,,
slotted_link_b4_gripper_mount_link,-7.7715611723761E-16,0.0594534326360425,0.05915,0,0,0,2.93421745854477,0.0132926855833373,1.31698232615918E-16,2.19924547897287E-18,0.00382518561508116,-1.61099461289959E-18,0.0120957030696181,0,0,0,0,0,0,package://truck_with_robot_arm/meshes/slotted_link_b4_gripper_mount_link.STL,0.898039215686275,0.917647058823529,0.929411764705882,1,0,0,0,0,0,0,package://truck_with_robot_arm/meshes/slotted_link_b4_gripper_mount_link.STL,,fruit_picker_robot-1/robot_arm_third_revolute_link-2,H_link_to_slotted_link_joint_coord_align_dh3,H_link_to_sloted_link_joint_rotation_axis,slotted_link_b4_gripper_mount_joint,revolute,0,0.1524,0,0,0,-1.5708,h_shaped_link_link,0,0,-1,0,0,1.309,4.9742,,,,,,,,
gripper_mount_link,-0.000669537245955781,0,0.03175,0,0,0,0.460031260656365,0.000208444969795865,-7.19121634470459E-19,-3.02308227532379E-18,0.000263760842816299,-4.41086823338966E-20,0.000352700792653141,0,0,0,0,0,0,package://truck_with_robot_arm/meshes/gripper_mount_link.STL,0.898039215686275,0.917647058823529,0.929411764705882,1,0,0,0,0,0,0,package://truck_with_robot_arm/meshes/gripper_mount_link.STL,,fruit_picker_robot-1/gripper_mount_link-1,slotted_link_to_gripper_mount_joint_coord_aligns_dh4,sloted_link_to_gripper_mount_joint_rotation_axis,gripper_mount_joint,revolute,0,0.1524,0.0274,0,0,1.5708,slotted_link_b4_gripper_mount_link,0,0,-1,0,0,2.8449,4.4157,,,,,,,,
vacuum_gripper_link,0.0394281509897264,5.50268164367651E-10,-1.48467187155443E-09,0,0,0,0.0744123164928211,6.80293463101699E-05,2.06083135316268E-12,-5.5603125344777E-12,5.74890607398175E-05,-2.34386396625214E-20,5.74890607398177E-05,0,0,0,0,0,0,package://truck_with_robot_arm/meshes/vacuum_gripper_link.STL,1,1,1,1,0,0,0,0,0,0,package://truck_with_robot_arm/meshes/vacuum_gripper_link.STL,,fruit_picker_robot-1/vaccum_gripper-1,gripper_mount_link_to_gripper_fixed_joint_coord,,vacuum_gripper_joint,fixed,0.0254,0,0.03175,0,0,0,gripper_mount_link,0,0,0,,,,,,,,,,,,
